{
  "colorScheme": "light",
  "fonts": [
    {
      "family": "Roboto",
      "count": 56
    },
    {
      "family": "sans-serif",
      "count": 56
    },
    {
      "family": "Mulish",
      "count": 1
    }
  ],
  "colors": {
    "primary": "#4F44D0",
    "accent": "#4543E8",
    "background": "#FFFFFF",
    "textPrimary": "#272727",
    "link": "#4543E8"
  },
  "typography": {
    "fontFamilies": {
      "primary": "Roboto",
      "heading": "Roboto"
    },
    "fontStacks": {
      "body": [
        "Roboto",
        "sans-serif"
      ],
      "heading": [
        "Roboto",
        "sans-serif"
      ],
      "paragraph": [
        "Roboto",
        "sans-serif"
      ]
    },
    "fontSizes": {
      "h1": "16px",
      "h2": "96px",
      "body": "20px"
    }
  },
  "spacing": {
    "baseUnit": 8,
    "borderRadius": "0px"
  },
  "components": {},
  "images": {
    "logo": "File saved at: attached_assets/logo.svg",
    "favicon": "File saved at: attached_assets/favicon.png",
    "ogImage": "File saved at: attached_assets/ogImage.png"
  },
  "__framework_hints": [],
  "__llm_logo_reasoning": {
    "selectedIndex": 0,
    "reasoning": "Heuristic fallback: Good indicators: links to homepage, visible, src contains logo, class contains logo, alt exactly matches brand name \"Poker Now\", extremely large (likely og:image, heavy penalty), body location without header (penalty). Score: 50 (ahead by 50 points)",
    "confidence": 0.65
  },
  "__llm_button_reasoning": {
    "primary": {
      "index": -1,
      "text": "N/A",
      "reasoning": "LLM failed"
    },
    "secondary": {
      "index": -1,
      "text": "N/A",
      "reasoning": "LLM failed"
    },
    "confidence": 0
  },
  "confidence": {
    "buttons": 0,
    "colors": 0,
    "overall": 0
  }
}